userId,name,age,location
1,David Hicks,53,"West Jacobbury, Armenia"
2,Blake Morgan,58,"Lopezchester, Kiribati"
3,Stacy Hernandez,35,"Morristown, China"
4,Kathryn Gordon,38,"West Johnside, Northern Mariana Islands"
5,Michael Smith,37,"Christinaview, South Georgia and the South Sandwich Islands"
6,John Downs,32,"East Andrea, Somalia"
7,Emily Rice DVM,64,"North Emily, Portugal"
8,Aaron Davidson,31,"South Terri, Liechtenstein"
9,Patrick Coleman,34,"West Vickimouth, Macao"
10,Zachary Harris,53,"Johnfort, Kiribati"
11,Russell Waller,62,"West Leslieborough, Norfolk Island"
12,Scott Jennings,59,"Craigborough, Bolivia"
13,Robert Bender,20,"North Valerie, Georgia"
14,Timothy Rodriguez,55,"West Danielleside, Saudi Arabia"
15,Jennifer Conner,60,"Smithborough, Romania"
16,Crystal Moore,21,"Lake Aaronshire, South Georgia and the South Sandwich Islands"
17,Ronald Johnson,41,"Jessicashire, Bahamas"
18,Kristen Gordon,43,"Prestonside, Central African Republic"
19,Shelly Smith,48,"Leblancbury, Romania"
20,Joseph Krause,43,"West Jimmy, Singapore"
21,Francis Harris,49,"Jasonbury, Benin"
22,Juan Thomas,20,"East Stacy, Thailand"
23,Jessica Jones,26,"West Kevin, Luxembourg"
24,Natalie Hill,49,"Christineside, Sri Lanka"
25,Michele Martinez,41,"Jenniferchester, Nepal"
26,Nicholas Dennis,24,"Lake Rebecca, Swaziland"
27,Christina Ross,41,"Lake Carolton, Guernsey"
28,Ronald Thomas,49,"Sharonland, Sweden"
29,Brittany Lopez,59,"North Michele, Marshall Islands"
30,Katie Coleman,25,"East Samanthafurt, Niger"
31,Kristina Gibson,48,"Kimberlyside, Estonia"
32,Matthew Pena,57,"Nicoleside, Dominican Republic"
33,Christopher Stevens,52,"South Kennethland, Marshall Islands"
34,Edward Wagner,28,"New Donna, Niue"
35,Ian Ferguson,38,"New Joshua, Mongolia"
36,Benjamin Long,58,"Williamschester, Cyprus"
37,Danielle Kelly,36,"Jessicafort, Netherlands Antilles"
38,Pamela Taylor,28,"West Clifford, Saint Barthelemy"
39,Jacqueline Watts,18,"Williamchester, Denmark"
40,Donald Rodriguez,18,"Jonesview, American Samoa"
41,Tammy Francis,24,"Patriciaport, Fiji"
42,Judy Olson,63,"New April, France"
43,Wendy Luna,63,"Amandafort, Reunion"
44,Karen Martinez,49,"West Beth, Jersey"
45,Megan Jordan,63,"Thorntonchester, Ireland"
46,Alexander Duncan,49,"East Paulburgh, Yemen"
47,Jeffery Rodriguez,48,"Eddieland, San Marino"
48,Jessica Thompson,42,"Lake Richard, Bermuda"
49,Russell Fisher,18,"Bryanland, Jersey"
50,Christopher Sanders,40,"Bethanyfurt, Svalbard & Jan Mayen Islands"
51,Brenda Stout,55,"Barronshire, Guam"
52,Ryan Howard,50,"Lake Aaron, Zambia"
53,Aaron Tucker,38,"Swansonburgh, Samoa"
54,James Kelly,45,"Anitaside, Guyana"
55,Kevin Reyes,62,"Juliefort, Malawi"
56,Kendra Hanna,59,"Frankside, Serbia"
57,Jessica Chase,33,"Pattersonview, Malawi"
58,Kelly Edwards,43,"East Dominique, American Samoa"
59,Haley Smith,57,"Johnsonmouth, North Macedonia"
60,Autumn Jarvis,62,"South Stephanie, Saint Martin"
61,Amanda Kirk,61,"Port Sarah, Gibraltar"
62,Katie Burns,49,"Carlosfurt, Saint Barthelemy"
63,Wendy Flores,32,"Anthonyview, Solomon Islands"
64,Cynthia Hardin,48,"Youngfort, Guyana"
65,Judy Lindsey,39,"Jamesview, Kenya"
66,Ashley Pearson,32,"Sarahmouth, Nauru"
67,Donna Martin,53,"Timothyfort, Bulgaria"
68,Philip Logan,31,"Wrightfurt, Namibia"
69,Michael Johnson,49,"East John, Moldova"
70,Gene Nelson,58,"Silvamouth, Micronesia"
71,Ryan Cook,43,"North Micheal, Pakistan"
72,Adam Turner,24,"West Amandaberg, Kyrgyz Republic"
73,Danielle Anderson,59,"West Katiemouth, Georgia"
74,Robert Walker,35,"South Robert, Uganda"
75,Christine Hicks,19,"Jonathanland, Korea"
76,Karen Ochoa,40,"Adamsshire, Vietnam"
77,Christina Cain,20,"West Kelseybury, Korea"
78,Lauren Garza,24,"Destinyfort, Reunion"
79,Jorge Cooke,39,"Lake Karen, Lesotho"
80,Nancy Smith,36,"South William, Benin"
81,Tammy Harrell,63,"Harrisonland, Niger"
82,James Stewart,23,"Nicolefort, Turkmenistan"
83,Heather Rice,54,"East Phillipbury, Azerbaijan"
84,Luis Smith,60,"South Angelaburgh, Christmas Island"
85,Steven Owens,22,"Brianberg, Bulgaria"
86,Francisco Wagner,44,"Smithchester, Belarus"
87,Chad Baker Jr.,27,"Port John, Mayotte"
88,Sarah Gray,55,"East Traceyshire, Belarus"
89,Anthony Reid,20,"North Jeffrey, Liberia"
90,Megan Fowler,46,"Port Heatherland, Saint Vincent and the Grenadines"
91,Judy Thompson,27,"North Gloria, Namibia"
92,James Long,45,"Timothyville, Sao Tome and Principe"
93,Jason Anderson,49,"South Glennmouth, Austria"
94,John Phillips,38,"South Amanda, Bosnia and Herzegovina"
95,Angela Mills,35,"West Nicoleshire, Rwanda"
96,Nicole Rojas,20,"North Michael, Congo"
97,Jamie Singleton,41,"Nicholashaven, Tajikistan"
98,Bryan Smith,34,"East Dawnhaven, Norway"
99,Lindsey Cummings,55,"North Christopher, New Zealand"
100,William Deleon,37,"Nicoleport, British Indian Ocean Territory (Chagos Archipelago)"
101,Lauren Hawkins,35,"West Kristen, Bouvet Island (Bouvetoya)"
102,Adrian Hughes,50,"Baileyshire, Jordan"
103,Melissa Ryan DVM,61,"Carmenburgh, Congo"
104,Daniel Coffey,40,"Port Sara, Malawi"
105,Joshua Smith,20,"Warrenburgh, Tonga"
106,Christy Olson,46,"Port Debbie, Turkey"
107,Scott Davis,56,"West Robin, Antarctica (the territory South of 60 deg S)"
108,Hannah Stone,44,"Kyletown, Greece"
109,Shelby Johnson,63,"Loveview, Saint Martin"
110,Cheryl Olson DDS,48,"South Rhondahaven, Korea"
111,Jacqueline Hickman,41,"Lake Jenniferview, Thailand"
112,Sara Bradley,42,"North Mercedes, Zambia"
113,Jordan Lawrence,46,"New Andrewland, Bhutan"
114,David Garza,44,"Lake Justinshire, Monaco"
115,Amy David,41,"New Derrickborough, Iran"
116,Tammy Burton,49,"Calderonmouth, Panama"
117,Sarah Ibarra,62,"Hallshire, Northern Mariana Islands"
118,Marvin Hammond,26,"Ambermouth, Namibia"
119,Brian Cruz,18,"Millerport, Bouvet Island (Bouvetoya)"
120,Taylor Hamilton,61,"West Kathrynburgh, Maldives"
121,Michelle Barrett,60,"West Todd, Guatemala"
122,Lisa Hoover,44,"Kathymouth, Indonesia"
123,Melinda Hughes,18,"Lake Lisaland, Heard Island and McDonald Islands"
124,Jesse Young,43,"Carolynchester, Brunei Darussalam"
125,Ashley Carroll,60,"Katelynbury, Nigeria"
126,James Gilbert,62,"South Roberto, Libyan Arab Jamahiriya"
127,Matthew Carlson,45,"South Nancy, Luxembourg"
128,Jennifer Fowler,61,"East Jesseshire, Costa Rica"
129,Margaret Francis,62,"West Richard, Zambia"
130,Cindy Hancock,61,"Port Elizabethbury, Barbados"
131,Kaitlin Spears,48,"Silvabury, Turkmenistan"
132,Chad Gray,24,"West Amandamouth, Netherlands Antilles"
133,James Hayes,26,"New Samanthatown, Czech Republic"
134,Tony Patel,53,"Mooreland, Gibraltar"
135,Kevin Ramirez,45,"Michaelborough, Micronesia"
136,Steven Mayer,26,"East Jonathanland, Czech Republic"
137,Andrea Williams,56,"Onealland, Guinea"
138,Michele Lee,63,"Garciafurt, Latvia"
139,Gabrielle Wells,22,"Dixonhaven, Jersey"
140,Kathleen Heath,64,"New Joseph, Belarus"
141,Patricia Andersen,25,"East Douglasshire, Belarus"
142,Jason Waters,61,"Martinfort, Rwanda"
143,Kathleen Petersen,62,"East Melanie, Macao"
144,Jeffrey Stephenson,64,"Fordside, Nepal"
145,Andrea Santana,23,"Joshuaton, Saint Vincent and the Grenadines"
146,Mrs. Amanda Riley,38,"North Michael, Argentina"
147,Alexis Bell,52,"East Michellestad, Cambodia"
148,Patrick Sullivan,51,"Kennethstad, Barbados"
149,Mary Parker,44,"New Crystal, Congo"
150,Jennifer Fisher,18,"Port Yolandashire, Belarus"
151,Fernando Jackson,55,"Boothtown, Liberia"
152,Angela Bonilla,49,"Lechester, Tonga"
153,Carrie Harris,33,"Mccallton, Nicaragua"
154,Melissa Jones,45,"Coxside, Bolivia"
155,Timothy Soto,45,"East Davidbury, Chad"
156,Brian King,24,"Port Kevin, Sweden"
157,Heather Anderson,31,"East William, Dominica"
158,Scott Lang,20,"Lake Benjaminton, Haiti"
159,Mrs. Laura Hopkins,62,"New Justin, South Georgia and the South Sandwich Islands"
160,Christopher Riley MD,65,"Michaelberg, Korea"
161,Joseph Saunders,21,"Lake Nichole, Bangladesh"
162,Victor Smith,19,"North Patriciaview, Eritrea"
163,Melissa Lewis,64,"New James, Andorra"
164,Savannah Perez,32,"Hansenfort, Algeria"
165,Linda Long,19,"Lake Williamburgh, Cuba"
166,Valerie Torres,63,"Port Jamesburgh, French Guiana"
167,Michael Patrick,44,"East Kristin, Fiji"
168,Savannah Espinoza,46,"Moralesport, Italy"
169,Kathleen Barry,40,"West Jessicaborough, Belarus"
170,Mark Gonzalez,39,"Douglasmouth, Niger"
171,Diana Thompson,65,"North Sarachester, Iran"
172,Melissa Dennis,51,"Ricehaven, Hungary"
173,Seth Marshall,37,"Catherineview, Holy See (Vatican City State)"
174,Juan Haas,56,"South Benjaminmouth, Mexico"
175,Jeffery White,35,"Lake Maria, Trinidad and Tobago"
176,Brandon Horn,60,"North Kirkstad, Paraguay"
177,Theresa Lopez,30,"Kellyville, Nepal"
178,Mrs. Dana Patrick,33,"Lake Lindastad, Chile"
179,Lisa Bennett,27,"Matthewberg, Antigua and Barbuda"
180,Lauren Nelson,60,"New Frederickfort, Ethiopia"
181,Jacob Stewart,28,"West Melaniemouth, Indonesia"
182,Maureen Richards,50,"Barnetthaven, Pitcairn Islands"
183,Alvin Gallagher,19,"New Sethstad, Antigua and Barbuda"
184,Kathleen Cervantes,64,"Jenniferton, Montserrat"
185,Heather Smith,19,"South Samantha, Grenada"
186,James Hammond,64,"Holderborough, Sri Lanka"
187,Joshua Gillespie,23,"Frankchester, Seychelles"
188,Thomas Contreras III,28,"Port Courtney, New Caledonia"
189,Mr. Michael Lowery,21,"Youngside, Japan"
190,Ryan Reeves,63,"West Kathy, Cameroon"
191,Pamela Bishop,27,"Emilyton, China"
192,Perry White,32,"Jefffort, Senegal"
193,Beth Hunter,43,"Rodrigueztown, Cayman Islands"
194,Angie Friedman,37,"Port Michael, Slovenia"
195,Gary Kim,62,"Lake Justin, Vanuatu"
196,Michelle Ramos,45,"Greenland, Gibraltar"
197,Linda Brown,36,"East Sarahfurt, Mexico"
198,Charles Glover,18,"South Jose, American Samoa"
199,Nicole White,46,"Taylorton, Slovenia"
200,Cheyenne Bowers,42,"Kimberlyport, Sudan"
201,Michael Smith,47,"Mcknightport, Puerto Rico"
202,Scott Christensen,26,"Jessicafort, Canada"
203,John Smith,23,"South Rebecca, Mexico"
204,Erik Smith,31,"Moorestad, Falkland Islands (Malvinas)"
205,Amy Camacho DVM,57,"Ronaldview, Korea"
206,Elizabeth Johnson,33,"New Kennethmouth, Cuba"
207,Daniel Perez,58,"Calvinborough, Turkey"
208,Kelly Thompson,47,"Matthewborough, Argentina"
209,Tiffany Moreno,26,"New David, Kiribati"
210,Franklin Manning,22,"Wrightburgh, Sao Tome and Principe"
211,Caroline Kennedy,33,"North Matthew, France"
212,Jasmine Baker,46,"Jenningsside, Oman"
213,Joshua Gordon,55,"Foxfurt, Liberia"
214,Joseph Contreras,37,"Raymondborough, Iceland"
215,David Martinez,18,"Matthewmouth, Monaco"
216,Sean Navarro,32,"West Dwaynestad, Cuba"
217,Mr. Darren Mason,39,"Port Holly, Ukraine"
218,Michelle Johnson,34,"Debramouth, Vanuatu"
219,Bryan Moreno,36,"Jenniferburgh, Syrian Arab Republic"
220,Julian Lopez,58,"South Gregoryfurt, Guernsey"
221,Joshua Terry,42,"South Lindseyshire, Costa Rica"
222,Michael Anderson,48,"South Barbara, Denmark"
223,Bryan Burns,64,"Kingtown, Suriname"
224,Heidi Massey,48,"East Jennifer, Congo"
225,Nicholas Evans,47,"North Jennifer, Kazakhstan"
226,Fred Mendoza,56,"South Gary, Bermuda"
227,Megan Evans,62,"Hallchester, Northern Mariana Islands"
228,Adam Nguyen,45,"Whitefort, Israel"
229,Barry Ponce,29,"New Davidton, Nicaragua"
230,Lisa Crawford,18,"North Timothystad, Guernsey"
231,Peter Wagner,58,"Destinyborough, Cambodia"
232,John Griffin,54,"Nortonburgh, Wallis and Futuna"
233,April Nunez,57,"East Tiffanybury, Norfolk Island"
234,Michael Oconnor,52,"Huntshire, French Polynesia"
235,Lori Fisher,36,"Garciahaven, Trinidad and Tobago"
236,Christine Black,58,"North Kelly, Zimbabwe"
237,Heather Martin,63,"Port Christopherberg, Turks and Caicos Islands"
238,Briana Dixon,46,"Browntown, Costa Rica"
239,Joseph Henderson,24,"North William, Qatar"
240,Felicia Nguyen,24,"East Jamie, Christmas Island"
241,Ethan Turner,21,"Hatfieldfurt, Liberia"
242,Michael Schwartz,48,"Walkerland, Niue"
243,David Villarreal III,53,"Tylerborough, Chile"
244,Mrs. Melissa Franklin,64,"Michaeltown, Germany"
245,Pamela Perez,63,"Robertsport, Tanzania"
246,Susan Nguyen,20,"Ballardtown, Mauritius"
247,Jerry Meyer,60,"Leeborough, Belarus"
248,Joseph Palmer,42,"Walkerhaven, Gabon"
249,Tara Baker,22,"Whiteburgh, Slovakia (Slovak Republic)"
250,Christopher Moore,20,"Wiseshire, Bolivia"
251,James Robertson,20,"Maldonadochester, United States Virgin Islands"
252,Jeffrey Gardner,60,"North James, Kuwait"
253,Stephen Moore,42,"East Jenna, Pakistan"
254,Ryan Fowler,44,"Fosterstad, Hungary"
255,Rodney Malone,28,"South Amyfort, Pakistan"
256,Stephanie Gray,35,"North Michelle, Reunion"
257,Shane Escobar,59,"Tammyside, Wallis and Futuna"
258,Jessica Jones,58,"Thorntonborough, Eritrea"
259,Lindsay Horne,20,"Lake Leslieberg, Belgium"
260,Dwayne Morton,33,"Lake Tiffany, Jersey"
261,John Williams,49,"Lake Timothy, South Africa"
262,Natalie Brooks,39,"Nguyenberg, Tuvalu"
263,Bonnie Hammond,27,"South Jeremyport, Sri Lanka"
264,Andre Franklin,38,"Lake Justinshire, South Georgia and the South Sandwich Islands"
265,Mckenzie Price,30,"Chambersbury, Somalia"
266,Regina Andrews,40,"Carrilloview, Bahamas"
267,Antonio Coleman,36,"Johnland, Mauritania"
268,Isabella Clayton,21,"North Alison, Zimbabwe"
269,Mason Horn,64,"North Jacob, Jersey"
270,Mrs. Kayla Rocha,35,"East Shawn, Suriname"
271,John Frank,58,"Port Bretttown, Burundi"
272,Krista Graham,34,"Reyesmouth, Argentina"
273,James Robertson,48,"West Christy, Russian Federation"
274,Kimberly Ware,23,"Amandachester, Myanmar"
275,Karen Villanueva,53,"Jasonchester, South Georgia and the South Sandwich Islands"
276,Michelle Mclaughlin,34,"Ryanfort, Myanmar"
277,Elizabeth Lopez,26,"Careystad, Saudi Arabia"
278,Elizabeth Wilcox,23,"Crawfordfort, Senegal"
279,Todd Castro,65,"Wilkersonfurt, Georgia"
280,Stephanie Simpson,35,"Lake Victoria, Malta"
281,John Morris,30,"East Patricia, Suriname"
282,David Anderson,55,"South Monica, Sao Tome and Principe"
283,Nicole Novak,40,"Miguelfurt, Namibia"
284,Robert Mcdaniel,23,"East Reneeside, British Virgin Islands"
285,Hannah Avery,33,"Lindafurt, South Georgia and the South Sandwich Islands"
286,Christopher Smith,29,"Priceville, Puerto Rico"
287,Rachel Garcia,27,"New Alexa, British Virgin Islands"
288,Jason Stein,30,"Port Aaronbury, Kyrgyz Republic"
289,Cynthia House,48,"North Christinaton, Costa Rica"
290,Robin Stone,59,"North Sierratown, Kenya"
291,Jose Olson,57,"Valerieton, Guyana"
292,Cody Patel,46,"Marthaburgh, United Arab Emirates"
293,William Jordan,63,"Traceyfort, Dominican Republic"
294,Rachel Suarez,37,"South Jesus, Marshall Islands"
295,Angela Moreno,19,"North Michelle, Libyan Arab Jamahiriya"
296,Andrew Robles,49,"Williammouth, Albania"
297,Michael Orr,42,"New John, Syrian Arab Republic"
298,Ronald Carlson,20,"Brittanyville, Micronesia"
299,Kristin Horton,63,"Lake Robertmouth, Australia"
300,Evan Spencer,21,"East Laurenmouth, Netherlands"
301,Jacob Black,31,"Lindseyfort, Myanmar"
302,Kelly Long DVM,44,"North Felicia, Cape Verde"
303,Barbara Frye,44,"Lake Alan, Eritrea"
304,Briana Sullivan,51,"West Laura, Sweden"
305,Daniel Nielsen,35,"North Toddfurt, New Zealand"
306,David Campos,19,"South Kevin, Morocco"
307,Richard Decker,55,"Pamelaview, Faroe Islands"
308,Haley Richmond,21,"North Diana, Bosnia and Herzegovina"
309,Joanna Hayes,47,"Haneyborough, Central African Republic"
310,Elizabeth Webb,65,"Brownborough, Bolivia"
311,Rebekah Rivera,65,"Robinport, Mongolia"
312,Wendy Cox,56,"Ericberg, Martinique"
313,Henry Mckenzie,41,"Campbellville, New Zealand"
314,Anthony Krause,46,"New Amymouth, Libyan Arab Jamahiriya"
315,Michelle Rush,30,"Conwayland, Pitcairn Islands"
316,Kerry Lynch,44,"North Denisemouth, Isle of Man"
317,Michael Roberts,21,"Taylorshire, British Indian Ocean Territory (Chagos Archipelago)"
318,Angela Black,19,"Rayhaven, Algeria"
319,Samantha Fry,59,"Cherylhaven, Armenia"
320,Joshua Russell,28,"Woodsfort, Gambia"
321,John Pham,48,"North Barbara, Malaysia"
322,Randall Brown,43,"Jenningsville, Tokelau"
323,Kim Small,35,"Cameronfort, Zambia"
324,Charles Curry,49,"Stephenland, Saint Pierre and Miquelon"
325,Stephanie Pruitt,37,"West Erik, Holy See (Vatican City State)"
326,James Richards,31,"Schwartzland, Brazil"
327,Sandra Morton,20,"South Andrew, Gabon"
328,Vincent Coleman,26,"South Shelby, Antarctica (the territory South of 60 deg S)"
329,Mrs. Jamie Henderson,26,"Ashleebury, Belize"
330,Beth Wilson,35,"Markbury, Northern Mariana Islands"
331,Jose Li,49,"Shannonport, Albania"
332,Heather Nelson,56,"East Matthew, Gibraltar"
333,Antonio Spencer,48,"West William, British Indian Ocean Territory (Chagos Archipelago)"
334,Mark Jones DVM,63,"Port Felicia, Nicaragua"
335,Anthony Garcia,62,"Millertown, Sri Lanka"
336,Michael Prince,35,"Estradaport, Bolivia"
337,Cynthia Thomas,49,"North Ashleyhaven, Heard Island and McDonald Islands"
338,Amber Chandler,43,"Williamsport, Guyana"
339,Zachary Leon,57,"Donaldberg, Albania"
340,Craig Arnold,64,"Port Phillipview, Trinidad and Tobago"
341,Sandra Jackson,54,"Nicholasborough, American Samoa"
342,Todd Ellis,42,"New Samanthatown, Tunisia"
343,Tina Wade,42,"South Deannahaven, Reunion"
344,Joshua Hampton,26,"Hannahfort, Denmark"
345,Jeremiah Barnes,29,"East Stephanieview, Jordan"
346,Toni Brown,26,"East Johnchester, Zambia"
347,Brian Banks,40,"Richardbury, Argentina"
348,Megan Wilkins,23,"South Williamfort, Malaysia"
349,David Santos,56,"Jenniferstad, Syrian Arab Republic"
350,Tiffany Fisher,18,"New Ericchester, Albania"
351,Christine Cruz,45,"New Nicholasmouth, Bhutan"
352,Ashley Simpson,31,"Crystalshire, Antarctica (the territory South of 60 deg S)"
353,Danielle Mullins,62,"Andreborough, China"
354,Cheryl Johnson,46,"South Donnamouth, Poland"
355,Christopher Sullivan,65,"Scottton, Bhutan"
356,Elizabeth Robinson,39,"Raymondbury, Gibraltar"
357,Brandon Jones,51,"Davidmouth, Egypt"
358,Henry Price,26,"South Bonnie, Monaco"
359,Gregory Edwards,24,"Port Michelleside, Kazakhstan"
360,Dr. Tyler Robinson,62,"Mccormickfurt, Libyan Arab Jamahiriya"
361,Daniel Smith,35,"South Christinaberg, Chad"
362,Victor Whitney,57,"South Edwardland, Uganda"
363,Patrick Phillips,58,"West Christopher, Romania"
364,Jacob Gonzalez,19,"West Eric, Sri Lanka"
365,Sydney Rogers,41,"West Tracyborough, Austria"
366,Jacob Elliott,42,"Hannahview, Guadeloupe"
367,Richard Lester,43,"Lake Frederick, Bermuda"
368,Toni Clark,25,"East Johnberg, Congo"
369,Gordon Morris,29,"East Taraland, Burundi"
370,Jamie Singleton,35,"Gonzalezberg, Libyan Arab Jamahiriya"
371,James Sanders,23,"Donnatown, Holy See (Vatican City State)"
372,Sarah Hendricks,36,"East Patricia, Liechtenstein"
373,Jennifer Oconnor,61,"Leeport, Uruguay"
374,Derrick Campbell,27,"South Adam, Heard Island and McDonald Islands"
375,Kyle Bennett,40,"Port Markfort, Tokelau"
376,Darlene Bentley,35,"Port Lisa, Syrian Arab Republic"
377,Robert Shepherd,39,"New Ryan, Botswana"
378,Barbara Johnson,38,"New Alicefurt, Bosnia and Herzegovina"
379,Heather Petty,31,"West Jennifer, Australia"
380,Whitney Ramos,39,"Port Shannonfort, Bahamas"
381,Diane Lopez,55,"Port Tiffanyland, Slovakia (Slovak Republic)"
382,Crystal Sanchez MD,48,"New Amanda, Cocos (Keeling) Islands"
383,Shawn Washington,35,"Jasonhaven, Cape Verde"
384,Krista Hicks,48,"Brianside, Denmark"
385,Joshua Murray,28,"Port Matthewfort, Congo"
386,Stacy Stephens,45,"Joneschester, China"
387,Renee Livingston,61,"Amyborough, Norfolk Island"
388,William Wright,62,"New Darrell, Kenya"
389,Julian Morrow,54,"Velezberg, Congo"
390,Dennis Herrera,57,"Port Brian, Italy"
391,Nicholas Hernandez,37,"Barnesbury, Belgium"
392,James Baldwin,48,"Codyhaven, Tanzania"
393,Daniel Rojas,64,"Kimberlyfort, Mongolia"
394,Mrs. Christine Ramirez,43,"Marcofurt, Gabon"
395,Robert Rich,34,"Port Raymondshire, Denmark"
396,Anthony Wood,56,"Sampsonport, Israel"
397,Richard Miller,51,"Buckleyfort, Hungary"
398,Robert Holmes,50,"South Robert, Bermuda"
399,Jordan Mooney,47,"Lake Catherine, Sao Tome and Principe"
400,Kathleen Tran,63,"Valdezshire, Hungary"
401,Monica Johnson,42,"North Karihaven, Luxembourg"
402,Michael Preston,39,"Elizabethport, Czech Republic"
403,Kevin Davis,28,"East Justin, Cape Verde"
404,Vincent Owens,28,"Samanthatown, Saint Pierre and Miquelon"
405,Christopher Powell,28,"Perezport, South Georgia and the South Sandwich Islands"
406,Christopher White,31,"North Jeremy, Egypt"
407,Amanda Robbins,36,"Johnmouth, Anguilla"
408,Allison Wood,40,"West Sylvialand, Heard Island and McDonald Islands"
409,Gary Collins,45,"West Paul, Vietnam"
410,Jenny Alvarez,35,"Marystad, United Arab Emirates"
411,Kimberly Brooks,29,"Lake Jeremyburgh, Germany"
412,William Dean,51,"West Robert, British Virgin Islands"
413,Amber Smith,23,"Torresburgh, Spain"
414,Jose Escobar,45,"Christinechester, Singapore"
415,Pam Johnson,53,"West Cheyenneberg, Fiji"
416,Brenda Michael,40,"East Theresa, Switzerland"
417,William Lopez,39,"Martinezberg, Antarctica (the territory South of 60 deg S)"
418,Adam Gutierrez,22,"West Jennifer, Saint Barthelemy"
419,Michelle Wilson,58,"Port Nicholasfort, Denmark"
420,Matthew Gilbert,36,"Kennedyland, Netherlands"
421,Tyler Edwards,35,"East David, Canada"
422,Randall Burke,53,"Matthewton, Saint Kitts and Nevis"
423,Jennifer Christian,43,"Abigailbury, Australia"
424,Pamela Pham,55,"Langchester, Syrian Arab Republic"
425,Lisa Estrada,40,"East Jennifershire, Niger"
426,Eric Campbell,25,"North Williamborough, Vietnam"
427,Ashley Jacobson,32,"New Lauren, Spain"
428,Patricia Bishop,43,"Kellyview, Spain"
429,David Peters,21,"New Teresa, Holy See (Vatican City State)"
430,Valerie Davis,65,"North Thomaston, United Kingdom"
431,Samuel Thomas,32,"Michaelside, Slovakia (Slovak Republic)"
432,Norma Rodriguez,48,"Amystad, Martinique"
433,Michele Powell,22,"Jonesfurt, Hong Kong"
434,Heather Henry,46,"North Crystalhaven, Finland"
435,Cameron Crawford,41,"West Stacey, Luxembourg"
436,Jacob Newton,23,"West Jessicaport, Bosnia and Herzegovina"
437,Michelle Carter,63,"West Tinaside, Jersey"
438,Steven Scott,20,"Lake Nina, Nigeria"
439,Anthony Turner,41,"Hallchester, Jamaica"
440,James Hill,47,"Mooreland, Chad"
441,Charles Guzman,44,"Kaylamouth, Saint Lucia"
442,Monica Nguyen,30,"South Elizabethview, Estonia"
443,Dana Jones,44,"Lake Nathanshire, Morocco"
444,Jennifer Ross,44,"New Dorisland, Palau"
445,Johnathan Levy,40,"Kellyfort, Dominican Republic"
446,Shane Odonnell,18,"Port Markstad, Swaziland"
447,Jennifer Brennan,55,"Clarkborough, Jamaica"
448,Alex Silva,54,"Carlaside, Bulgaria"
449,Don Clark,18,"Johnland, Cuba"
450,Caleb Brooks,26,"Edwardsmouth, Australia"
451,Jennifer Montoya,24,"Danielfort, Cook Islands"
452,Timothy Watson,19,"Smithton, Jamaica"
453,Kara Yates,57,"South Jordanland, Bhutan"
454,Anna Jones,43,"Mitchellville, Philippines"
455,Allen Burns,27,"Lake Tammy, Saint Vincent and the Grenadines"
456,Joshua Schmidt,64,"Joshuamouth, Brazil"
457,Jill Michael,38,"Port Davidside, Chad"
458,Kathleen Santiago,60,"Ginaberg, Tunisia"
459,William James,19,"Janetfort, Armenia"
460,Michael Nunez,34,"Ericbury, Niue"
461,Jason Miller,42,"Ronaldport, Guatemala"
462,Kimberly Brown,44,"South Karenburgh, Portugal"
463,Desiree Cobb,21,"South Michaela, Mongolia"
464,Kimberly Flores,38,"Jeffreyberg, Vanuatu"
465,Michelle Harris,58,"Heidifurt, Italy"
466,Martha Galvan,44,"New Veronica, Slovenia"
467,Veronica Lin,51,"Mendozaview, Morocco"
468,Blake English,64,"North Christopher, Afghanistan"
469,Dana Meyer,44,"West Jasonchester, Burundi"
470,Jack Mcdowell,38,"North Timothyborough, Namibia"
471,Ricardo King,65,"Whitneyland, Heard Island and McDonald Islands"
472,Jeremiah Arias,52,"East Heatherview, Paraguay"
473,David Reeves,60,"Veronicashire, Namibia"
474,William Dyer,44,"Trevinoshire, Bermuda"
475,Jennifer Parrish,62,"Shawnfort, Montenegro"
476,Kristina Myers,55,"New Reginashire, Morocco"
477,Melissa Parker,55,"Pettyton, Barbados"
478,Vanessa Stevens,46,"West Lydiafurt, Djibouti"
479,Felicia Bailey,41,"Karenview, Mexico"
480,Casey Washington,60,"Lake Aaron, Mali"
481,Dr. Alisha Gray,52,"Brookehaven, Ecuador"
482,Noah Moody,43,"Lake Judy, Malaysia"
483,Robert Murphy,23,"North Barbara, Korea"
484,Jessica Francis,28,"Robinsonport, Philippines"
485,Douglas Poole,35,"Rossside, Indonesia"
486,Robert Cole,27,"Summersstad, Sri Lanka"
487,Jeremy Robertson,38,"Prattchester, Switzerland"
488,Teresa Delgado,32,"North Juanburgh, Zimbabwe"
489,Bethany Dunn,21,"East Theresa, Sweden"
490,Alan Bowman,28,"Bennettton, Kiribati"
491,Breanna Howell,28,"Waltonborough, Mali"
492,Jillian Green,34,"Port Jesusport, Bahamas"
493,Miss Jessica Hooper,39,"Kimberlybury, Saudi Arabia"
494,Haley Brown,56,"Lake Mary, Germany"
495,Susan Morales,54,"Lake Allisonton, Hungary"
496,Chad Sanford,32,"New Holly, Antigua and Barbuda"
497,Gavin Solomon,28,"Sheilaville, Micronesia"
498,Jennifer Russell,40,"Meganchester, Saint Lucia"
499,Emily Griffith,19,"Bennettport, Serbia"
500,Tiffany Black,51,"Lake Catherineland, French Polynesia"
501,Mrs. Shannon Cohen MD,42,"Carriebury, Anguilla"
502,Ryan Eaton,37,"Choistad, Bosnia and Herzegovina"
503,Victor Allen,43,"Patelhaven, Mayotte"
504,Darlene Davis,20,"West Joseph, French Guiana"
505,Dr. Michael Thompson,42,"Whitebury, Ukraine"
506,Annette Hamilton,56,"South Amy, Poland"
507,Todd Cox DDS,49,"Port Adam, Panama"
508,Philip Reynolds,45,"New Kimberly, Jordan"
509,Jill Fisher,23,"Sherryfurt, Bangladesh"
510,Brittany Willis,33,"Christopherchester, Western Sahara"
511,Louis Wright,55,"Rosariomouth, Philippines"
512,Matthew Rodriguez,27,"Lake Brentmouth, India"
513,Rebecca Cruz,41,"South Georgeland, Montenegro"
514,Brandi Espinoza,52,"North Andrewchester, Peru"
515,Heidi Rodriguez,57,"Port Sharon, Anguilla"
516,William Adams,23,"Brookschester, Antigua and Barbuda"
517,Alexandra Moore,48,"Pearsonbury, Jamaica"
518,Mark Russell,38,"Anthonychester, Montenegro"
519,Mr. Austin Molina,53,"Mendezburgh, American Samoa"
520,Sandra Rivera,44,"Cowanburgh, Cambodia"
521,Timothy Proctor,65,"Port Ashleyberg, Serbia"
522,Tina Giles,57,"West John, Saint Barthelemy"
523,Wendy Miller,46,"Lake William, Mongolia"
524,Kelly Pierce,29,"East Gina, Denmark"
525,Glenn Lester,27,"Ricebury, Ukraine"
526,Michael Norman,56,"Pattersonchester, Zimbabwe"
527,Randy Barker,35,"Meganfort, Vietnam"
528,Andrea Robinson,45,"South Micheleview, Costa Rica"
529,Robert Castro,34,"South Albert, Swaziland"
530,Angie Fuller,54,"New Rhonda, American Samoa"
531,David Russo,25,"East Justintown, Dominica"
532,Katrina Dunlap,57,"Christianborough, New Zealand"
533,Douglas Terry,21,"Christopherstad, Palau"
534,John Nelson,40,"West Amy, Dominican Republic"
535,Alex Wilcox,41,"South Johnnybury, Bahrain"
536,Tiffany Taylor,63,"North Christopherview, Norfolk Island"
537,Virginia Coffey,60,"Stouthaven, Trinidad and Tobago"
538,Paige Petty,22,"East Danielchester, Costa Rica"
539,Tina Hicks,49,"Lake Jameston, French Polynesia"
540,Heather Moore,44,"Rossville, Martinique"
541,Daniel Hernandez,65,"Henryborough, Estonia"
542,Dana Jimenez,29,"Robertsfort, Malta"
543,Debbie Hensley,27,"West Emilytown, Bouvet Island (Bouvetoya)"
544,Richard Anderson,32,"West Robertfurt, Sao Tome and Principe"
545,Heather Nicholson DDS,42,"New Kelsey, Ireland"
546,Amanda Reynolds,47,"East Scottbury, Saint Martin"
547,Karen Stanton,35,"South Jennifermouth, Cyprus"
548,Brett Greer,42,"Matthewbury, El Salvador"
549,Madison Hill,35,"Hughesborough, Belgium"
550,Robert Caldwell,28,"Port Jim, Colombia"
551,Laura Scott,45,"Lake Joyfurt, Bulgaria"
552,Lisa Myers,58,"Port Angela, Dominica"
553,Adam Pearson,25,"New Christian, Haiti"
554,Christopher Ferguson,39,"East Barbarafurt, Nigeria"
555,Whitney Paul,45,"Judithfurt, Uzbekistan"
556,Sabrina Lucas,62,"Port Beverly, South Africa"
557,Nicholas Frederick,38,"Powelltown, Mali"
558,Frank Evans,60,"Simmonshaven, Antigua and Barbuda"
559,Hannah Lewis,39,"Herrerastad, Malta"
560,Peter Jones,57,"Margarettown, Bahamas"
561,John Hall,45,"Lake David, Benin"
562,Eric Gardner,54,"Derekberg, Guam"
563,Sarah Martin,23,"Marystad, Gambia"
564,Melissa Hensley,46,"West Donnachester, Guam"
565,Gregory Williams,32,"New Elizabeth, Mali"
566,Steven Smith,54,"Amystad, Cuba"
567,Donna Donovan,39,"Gordonbury, Papua New Guinea"
568,Shelly Fields,36,"Beckerfurt, Cayman Islands"
569,Melanie Long,64,"West Ashley, Marshall Islands"
570,Sean Harris,22,"Brandonport, Cameroon"
571,Andre Jackson,42,"New Edward, Oman"
572,Peggy Schneider,40,"West Vanessa, Macao"
573,Jonathan Rivera,31,"Port Christopher, Barbados"
574,Brittany Sandoval,23,"East Ronald, Northern Mariana Islands"
575,Miguel Soto,55,"Larsenhaven, Fiji"
576,Daniel Mcgee,26,"East Jo, North Macedonia"
577,Nicole Zavala,60,"Stevenside, Algeria"
578,Mrs. Amanda Lloyd,64,"Thompsonburgh, Korea"
579,Michael Logan,40,"East Andrewville, India"
580,Jillian Graham,22,"West Amanda, Cook Islands"
581,Todd Martin,18,"Barbaraborough, Mauritania"
582,Ashley Williams,49,"South Jose, Bouvet Island (Bouvetoya)"
583,Courtney Mcclure,43,"Lake Tammy, Hong Kong"
584,Andrea Miller,21,"Port Justinville, Norway"
585,Thomas Boyd,41,"East Kathryn, Ecuador"
586,Laura Byrd,25,"North Melissaton, Guinea"
587,Mark Nguyen,45,"Alexanderchester, Martinique"
588,Regina Collins,48,"North Christopher, Thailand"
589,Jennifer Young,34,"Palmerstad, Lebanon"
590,William Christensen,32,"South Patricia, Brazil"
591,Angela Reed,25,"Port Zachary, Turks and Caicos Islands"
592,Jessica Pierce,54,"New Joanna, Kenya"
593,Teresa Williams,54,"East Chris, Liberia"
594,Rickey Wells,39,"Milesborough, Guernsey"
595,Diana Phelps,53,"Pinedaland, Saint Barthelemy"
596,Taylor Miller,45,"Port Oliviamouth, Ukraine"
597,Michael Wells,64,"South Jaimefurt, Saint Helena"
598,Laura Sanders,50,"Tannerhaven, Tuvalu"
599,Adam Morales,43,"West Laurenside, Montserrat"
600,Marissa Carney,49,"Bradleyport, Rwanda"
601,Steve Hahn,52,"New Jason, Mauritius"
602,Russell Vargas,30,"Port Sean, Antigua and Barbuda"
603,Joshua Tran,58,"East Billy, Guinea-Bissau"
604,Christopher Leon,30,"Manuelfort, Bhutan"
605,Richard Delgado,57,"Lake Stacy, Mauritius"
606,Becky Taylor,54,"Wardton, Cape Verde"
607,Morgan Malone,22,"Lake Alicia, Papua New Guinea"
608,April Johnson,52,"Marymouth, Argentina"
609,Sabrina Pace,31,"Birdtown, Saint Kitts and Nevis"
610,Sean Brown,41,"South Carlosfort, Yemen"
611,Tiffany Johnson,55,"Crystalland, Faroe Islands"
612,Ms. Mikayla Griffin PhD,62,"New Connie, United States of America"
613,Thomas Barrera,58,"Port Robert, San Marino"
614,Douglas Sims,18,"North Jessica, Comoros"
615,Rachel Hall,65,"South Raymond, New Caledonia"
616,Denise Adams,43,"Smithburgh, Marshall Islands"
617,Carlos Galvan,39,"New Charles, Sierra Leone"
618,Tyrone Evans,33,"Port Kennethmouth, United States Minor Outlying Islands"
619,Susan Burns,42,"Thompsonside, Korea"
620,Scott Peterson,43,"Christopherport, Saint Barthelemy"
621,Tyler Garner,32,"Tamarabury, Benin"
622,Misty Moore,19,"Lake Ryanton, Nepal"
623,Anthony Richards,35,"East Jennifershire, Equatorial Guinea"
624,Olivia Howard,43,"New Ashley, Bolivia"
625,Todd Stone,20,"Floresborough, Mozambique"
626,Sarah Nelson,28,"Tiffanyberg, Ireland"
627,David Vega,53,"Adrianland, Sri Lanka"
628,Kristen Reid,50,"South Donald, Libyan Arab Jamahiriya"
629,David Montgomery,22,"Port Maryton, Maldives"
630,Eric Fisher,38,"North John, Burkina Faso"
631,Rose Thomas,33,"East Daniel, Solomon Islands"
632,Sharon Parsons,37,"Port Jessica, Ecuador"
633,Shari Flores,25,"South Kathleenland, Antarctica (the territory South of 60 deg S)"
634,Tyler Hicks,43,"Hudsonland, Belize"
635,Edward Blackburn,30,"Lake Brentfurt, Latvia"
636,Rebecca Buchanan,34,"Munozton, Trinidad and Tobago"
637,Alicia Perry,41,"Brandonbury, Slovenia"
638,Paul Kline,47,"Newmanmouth, Syrian Arab Republic"
639,Aaron Floyd,35,"Erinmouth, El Salvador"
640,Cassie Scott,31,"Ruthside, United Arab Emirates"
641,Michelle Goodwin,26,"East Robertton, Jamaica"
642,Kevin Wilcox,36,"Fosterbury, Australia"
643,Denise Ward,42,"North Ashleyburgh, British Indian Ocean Territory (Chagos Archipelago)"
644,Dean Heath,31,"West Melissaborough, Ethiopia"
645,Christopher Harrison,57,"Meredithside, Grenada"
646,Jerry Dean,50,"Lake Stephen, Mexico"
647,Jennifer Wright,19,"Brianborough, Sudan"
648,Dennis Edwards,56,"Lake Michelle, Ukraine"
649,Brittney Jackson,23,"Wellsside, Brunei Darussalam"
650,Charles Jackson,20,"New Joshuaport, Moldova"
651,Lisa Cabrera,33,"East Gabriel, Comoros"
652,Ricardo Kelly,38,"Jarvischester, Burundi"
653,Arthur Henderson,38,"Smithshire, Mali"
654,Jennifer Ward,19,"Gilberttown, Papua New Guinea"
655,Randy Hart,56,"Sandersmouth, Liberia"
656,Jonathan Graves,37,"Rachelmouth, Senegal"
657,Ashley Brock,36,"East Mark, Saint Lucia"
658,Jessica Miller,58,"Cameronhaven, Bosnia and Herzegovina"
659,Shawn Chase,61,"South Gregoryborough, Gabon"
660,Michael Irwin,18,"South Cynthia, Bulgaria"
661,David Hill,26,"Ruizhaven, Estonia"
662,Anna Hernandez,35,"Johnmouth, Norfolk Island"
663,Christina White,64,"Port Jeremyville, Netherlands"
664,Bradley Smith,18,"Stevenburgh, Malawi"
665,Sara Harrison,22,"Robertville, Guadeloupe"
666,Johnathan Proctor,59,"North Frederickshire, Cayman Islands"
667,Mary Nicholson,62,"South Patriciaburgh, Reunion"
668,Jason Harris,38,"New Amychester, Burundi"
669,Danielle Murray,39,"Jesusfort, Saint Pierre and Miquelon"
670,Lisa Davis,54,"South Melissa, Bolivia"
671,Heidi Ellis,32,"North Robertshire, Solomon Islands"
